{
  "quality": 0.30000001192092896,
  "adjustment": [ 1.309999942779541, 72.0326, -75.6275 ]
}
