{
  "atmosphere": {
    "sunAzimuth": 0,
    "sunPitch": 0,
    "heliodonLongitude": -77.90736389160156,
    "heliodonLatitude": 35.857818603515625,
    "heliodonDate": "2024-06-16T18:00:00.000Z",
    "weather": 0.4434758722782135,
    "windOrientation": 0,
    "windForce": 0,
    "fog": 0.01919628120958805,
    "exposure": 0,
    "useHeliodon": true
  }
}
